Metric,Score
Accuracy,0.7796610169491526
Precision,0.8738229755178908
Recall,0.7796610169491526
F1 Score,0.8147353856796956
AUC Score,0.8144654088050314
