Metric,Score
Accuracy,0.864406779661017
Precision,0.8835992023928215
Recall,0.864406779661017
F1 Score,0.8727882287204322
AUC Score,0.8286163522012578
